severity,post_id,slug,title,brand,origin,title_type,meta_type,meta_len,h3_count,has_disclaimer,issues,meta
HIGH,4172,innisfree-jeju-bija-trouble-facial-foam-150ml,Innisfree Bija Trouble Cleansing Foam 150ml,Innisfree,South Korea,foam_cleanser,foam_cleanser,159,6,yes,MED:meta_length_outside_130_158:159 || HIGH:medical_treatment_claim:Key Benefits Clears pores — Bija seed oil and clay help remove excess sebum and pollution residue Reduces breakouts — salicylic acid gently exfoliates inside pores to prevent acne ,Innisfree Bija Trouble Cleansing Foam clears acne and pores with Bija oil and salicylic acid. 100% authentic Korean foam cleanser price in Bangladesh at Emart.
HIGH,26355,some-by-mi-aha-bha-pha-30-days-miracle-cleansing-bar,Some By Mi aha bha pha 30 Days Cleansing Bar 106g,Some By Mi,South Korea,cleansing_bar,cleansing_bar,156,6,yes,HIGH:medical_treatment_claim:Key Ingredients AHA — Alpha-hydroxy acid that exfoliates the skin's surface to improve texture and brightness BHA — Beta-hydroxy acid that penetrates pores to remove excess sebum a,"Some By Mi multi-acid cleansing bar for oily, acne-prone skin with AHA, BHA, PHA — exfoliates pores. Authentic South Korean import at Emart Bangladesh, COD."
HIGH,59400,aprilskin-real-carrotene-acne-foam-cleanser-120g,Aprilskin REAL CARROTENE ACNE FOAM CLEANSER 120g,Aprilskin REAL CARROTENE,South Korea,foam_cleanser,foam_cleanser,155,6,yes,"HIGH:medical_treatment_claim:Key Ingredients Carrot Extract — rich in beta-carotene and antioxidants; soothes irritation and supports a brighter, more even skin tone Salicylic Acid — a beta hydroxy acid (BHA) ","Aprilskin REAL CARROTENE acne foam cleanser for oily, acne-prone skin — carrot extract + salicylic acid. Low pH 5.5 formula — buy at Emart Bangladesh, COD."
HIGH,74810,mamaearth-ubtan-natural-glow-face-wash-100ml,Mamaearth Ubtan Natural Glow Face Wash 100ml,Mamaearth Ubtan Natural,India,foam_cleanser,foam_cleanser,139,6,yes,HIGH:medical_treatment_claim:Key Ingredients Ubtan — Traditional brightening blend that promotes a radiant complexion Neem Extract — Antibacterial agent that helps prevent acne and impurities Turmeric Aloe Ver,"Mamaearth Ubtan face wash for dull, oily skin with Turmeric and Neem — brightening. Authentic Indian import — buy at Emart Bangladesh, COD."
MED,2595,cosrx-low-ph-good-morning-gel-cleanser-150ml,COSRX Low pH Good Morning Gel Cleanser 150ml,CosRx,South Korea,gel_cleanser,cleansing_bar|gel_cleanser,134,7,yes,MED:h3_count_not_6:7,COSRX Low pH Gel Cleanser lifts oil while keeping the skin barrier intact. Low pH 5.5 tea tree formula — price in Bangladesh at Emart.
MED,3746,some-by-mi-aha-bha-pha-30-days-cleansing-bar,Some By Mi aha bha pha 30 Days Cleansing Bar,Some By Mi,South Korea,cleansing_bar,cleansing_bar,145,6,yes,MED:strong_acne_clearing_wording:Key Benefits Exfoliates dead skin cells — AHA dissolves surface buildup for a smoother complexion Unclogs pores — BHA penetrates deep into pores to clear sebum and reduce blackhead,"Some By Mi cleansing bar with AHA BHA PHA for acne-prone, oily skin — gentle exfoliation. Authentic South Korean import at Emart Bangladesh, COD."
MED,4017,skinfood-egg-white-perfect-pore-cleansing-foam-150ml,Skinfood Egg White Perfect Pore Cleansing Foam 150ml,skinfood,South Korea,foam_cleanser,foam_cleanser,139,7,yes,MED:h3_count_not_6:7,Skinfood Egg White Pore Cleansing Foam targets oily T-zones with egg white extract. Authentic Korean import — price in Bangladesh at Emart.
MED,4149,cosrx-advanced-snail-mucin-gel-cleanser-150ml,CosRx Advanced Snail Mucin Gel Cleanser 150ml,CosRx,South Korea,gel_cleanser,cleansing_bar|gel_cleanser,153,7,yes,MED:h3_count_not_6:7,COSRX Snail Mucin Gel Cleanser removes impurities gently using 96% snail secretion filtrate. Barrier-safe Korean cleanser — price in Bangladesh at Emart.
MED,4319,cosrx-ac-collection-calming-foam-cleanser-150ml,CosRx AC Collection Calming Foam Cleanser 150ml,CosRx,South Korea,foam_cleanser,foam_cleanser,150,6,yes,MED:strong_acne_clearing_wording:Key Ingredients Salicylic Acid — beta-hydroxy acid that exfoliates inside pores to clear acne and prevent breakouts Centella Asiatica Extract — soothes redness and irritation while,"COSRX foam cleanser for acne-prone, sensitive skin — salicylic acid + centella asiatica. Authentic South Korean import — buy at Emart Bangladesh, COD."
MED,36319,simple-refreshing-facial-wash-150ml,Simple Refreshing Facial Wash 150ml,Simple,UK,foam_cleanser,foam_cleanser,152,7,yes,MED:h3_count_not_6:7,Simple Refreshing Facial Wash cleanses without dryness using Panthenol and a soap-free formula. Fragrance-free UK import — price in Bangladesh at Emart.
MED,36528,neutrogena-clear-defend-facial-wash-200ml,Neutrogena Clear & Defend Facial Wash 200ml,Neutrogena,USA,foam_cleanser,foam_cleanser,135,6,yes,"MED:strong_acne_clearing_wording:Key Benefits Acne & Blemish Control — Salicylic Acid penetrates pores to clear acne-causing bacteria and excess oil Foam Texture — Gently cleanses without over-drying, leaving skin","Neutrogena salicylic acid foam cleanser for acne-prone, oily skin — clears blemishes. Buy original at Emart Bangladesh — COD available."
MED,37375,the-body-shop-tea-tree-skin-clearing-facial-wash-250ml,The Body Shop Tea Tree Skin Clearing Facial Wash 250ml,The Body Shop,UK,foam_cleanser,foam_cleanser,157,7,yes,MED:h3_count_not_6:7,The Body Shop Tea Tree Facial Wash clears excess oil and blemishes with tea tree oil for acne-prone skin. Authentic UK import — price in Bangladesh at Emart.
MED,43859,axis-y-quinoa-one-step-balanced-gel-cleanser-180ml,Axis-Y Quinoa One Step Balanced Gel Cleanser 180ml,AXIS-Y,South Korea,gel_cleanser,gel_cleanser,159,6,yes,MED:meta_length_outside_130_158:159,"Axis-Y Quinoa One Step Balanced Gel Cleanser gently removes impurities without stripping. Gel cleanser price in Bangladesh at Emart, authentic Korean skincare."
MED,60805,acne-combo-cosrx-salicylic-acid-cleanser-50ml-axis-y-dark-spot-serum-5ml,Acne Combo: Cosrx Salicylic Acid Cleanser 50ml + AXIS-Y Dark Spot Serum 5ml,CosRx,South Korea,generic_cleanser,foam_cleanser,142,6,yes,"MED:strong_acne_clearing_wording:Formulated with Salicylic Acid, Niacinamide, and Adeno Ginseng Extract, this gentle foam cleanser helps clear blemishes and brighten hyperpigmentation without stripping the skin.","CosRx foam cleanser for acne-prone, oily skin with Salicylic Acid and Niacinamide. Low pH formula — buy at Emart Bangladesh with COD delivery."
MED,74080,innsaei-salicylic-acid-acne-solution-cleansing-foam-150ml,Innsaei Salicylic Acid Acne Solution Cleansing Foam 150ml,Innsaei Salicylic Acid,Bangladesh,foam_cleanser,foam_cleanser,143,6,yes,MED:strong_acne_clearing_wording:Key Ingredients Salicylic Acid — beta-hydroxy acid that exfoliates inside pores to clear blackheads and whiteheads Tea Tree Extract — natural antiseptic that reduces acne-causing b,"Innsaei Salicylic Acid foam cleanser for acne-prone, oily skin — BHA exfoliant with tea tree. Buy original at Emart Bangladesh — COD available."
MED,74245,retina-oroclin-anti-acne-facewash-100ml,Retina Oroclin Anti Acne Facewash 100ml,Retina Oroclin Anti,USA,,,138,6,yes,MED:strong_acne_clearing_wording:Key Benefits Fights Acne — Salicylic Acid penetrates pores to dissolve excess sebum and clear blemishes Reduces Wrinkles — stimulates cell turnover to smooth fine lines over time C,"Retina Oroclin anti-acne facewash with 0.5% Salicylic Acid for oily, acne-prone skin. Buy at Emart Bangladesh — authentic USA import, COD."
MED,75191,skin-cafe-soothing-aloe-vera-facewash-with-salicylic-acid-140ml,Skin Cafe Soothing Aloe Vera Facewash with Salicylic Acid 140ml,SKIN Caf�,Bangladesh,,foam_cleanser,131,6,yes,MED:strong_acne_clearing_wording:Key Ingredients Salicylic Acid — exfoliates inside pores to clear acne Aloe Vera — hydrates and soothes inflamed skin Green Tea Extract — antioxidant that reduces excess oil ,"Skin Cafe Aloe Vera face wash for oily, acne-prone skin with Salicylic Acid — unclogs pores. Buy original at Emart Bangladesh, COD."
MED,75377,the-derma-co-2-sali-cinamide-anti-acne-face-wash-80ml,The Derma Co 2% Sali Cinamide Anti Acne Face Wash 80ml,The Derma Co,India,foam_cleanser,foam_cleanser,157,6,yes,MED:strong_acne_clearing_wording:Key Benefits Salicylic Acid — penetrates pores to exfoliate and clear acne-causing debris Niacinamide — helps reduce blemish marks and supports skin barrier function ,"The Derma Co foam cleanser for oily, acne-prone skin with 2% Salicylic Acid & Niacinamide. 2% Salicylic + Niacinamide formula — buy at Emart Bangladesh, COD."
MED,93160,cosrx-salicylic-acid-daily-gentle-cleanser-150ml,COSRX Salicylic Acid Daily Gentle Cleanser 150ml,CosRx,South Korea,generic_cleanser,generic_cleanser,154,7,yes,MED:h3_count_not_6:7,COSRX Salicylic Acid Daily Cleanser targets oily pores with BHA for acne-prone skin in humid weather. Dermatologist-tested — price in Bangladesh at Emart.
LOW,93110,cerave-hydrating-cleanser-20ml,CeraVe Hydrating Cleanser 20ml,,USA,generic_cleanser,generic_cleanser,143,6,yes,LOW:missing_focus_keyword:,"CeraVe hydrating cleanser for dry, sensitive skin with ceramides and hyaluronic acid. Fragrance-free USA import — buy at Emart Bangladesh, COD."
LOW,93117,cerave-hydrating-cream-to-foam-cleanser-for-normal-to-dry-skin-237ml,CeraVe Hydrating Cream To Foam Cleanser For Normal To Dry Skin 237ml,,USA,foam_cleanser,foam_cleanser,146,6,yes,LOW:missing_focus_keyword:,"CeraVe cream-to-foam cleanser for dry, sensitive skin with ceramides and hyaluronic acid. Ceramide-rich USA import — buy at Emart Bangladesh, COD."
LOW,93120,cerave-hydrating-foaming-oil-cleanser-236ml,CeraVe Hydrating Foaming Oil Cleanser 236ml,,USA,foam_cleanser|oil_cleanser,cleansing_bar|foam_cleanser|oil_cleanser,147,6,yes,LOW:missing_focus_keyword:,"CeraVe oil-to-foam cleanser with Ceramides for dry, sensitive skin — hydrating barrier repair. Authentic USA import — buy at Emart Bangladesh, COD."
OK,2617,some-by-mi-snail-truecica-miracle-repair-low-ph-gel-cleanser-100ml,SOME BY MI Snail Truecica Miracle Repair Low pH Gel Cleanser 100ml,Some By Mi,South Korea,gel_cleanser,gel_cleanser,153,6,yes,,"Some By Mi gel cleanser with Truecica and snail filtrate for acne-prone, sensitive skin — South Korean import. Buy at Emart Bangladesh with COD delivery."
OK,2782,innisfree-green-tea-amino-hydrating-cleansing-foam-150ml,Innisfree Green Tea Amino Hydrating Cleansing Foam 150ml,Innisfree,South Korea,foam_cleanser,foam_cleanser,150,6,yes,,"Innisfree green tea amino foam for dry, dehydrated skin with Jeju green tea — hydrating and gentle. Low pH 5.5 formula — buy at Emart Bangladesh, COD."
OK,2808,innisfree-jeju-volcanic-pore-cleansing-foam-ex,Innisfree Jeju Volcanic Pore Cleansing Foam EX,Innisfree,South Korea,foam_cleanser,foam_cleanser,156,6,yes,,"Innisfree Jeju Volcanic foam cleanser for oily, combination skin — Jeju volcanic clusters absorb excess sebum. South Korean import at Emart Bangladesh, COD."
OK,3187,tiam-low-ph-cleanser-200ml,TIAM Low pH Cleanser 200ml,TIAM,South Korea,generic_cleanser,foam_cleanser,137,6,yes,,TIAM Low pH Cleanser for sensitive skin with Azulen and Snail Mucin — soothing Korean foam wash. Buy at Emart Bangladesh — COD available.
OK,3274,by-wishtrend-acid-duo-2-mild-gel-cleanser-150ml,BY WISHTREND Acid-duo 2% Mild Gel Cleanser 150ml,By Wishtrend,South Korea,gel_cleanser,,145,6,yes,,"By Wishtrend Acid-duo gel for sensitive, combination skin with LHA (1%) + PHA (1%). Authentic South Korean import — buy at Emart Bangladesh, COD."
OK,3509,3w-clinic-pure-natural-brown-rice-cleansing-foam-100ml,3W CLINIC Pure Natural Brown Rice Cleansing Foam 100ml,3W Clinic,South Korea,foam_cleanser,foam_cleanser,149,6,yes,,3W CLINIC Brown Rice Foam purifies and brightens with rice extract for Dhaka's humid climate. Authentic Korean import — price in Bangladesh at Emart.
OK,3603,the-faceshop-rice-water-bright-cleansing-cream200ml,THE FACESHOP Rice water bright Cleansing Cream(200ml),the faceshop,South Korea,,generic_cleanser,141,6,yes,,"THE FACESHOP brightening cream cleanser — Rice Extract for dry, sensitive skin. Authentic South Korean import — buy at Emart Bangladesh, COD."
OK,3704,3w-clinic-cleansing-foam-rose-water-100ml,3W Clinic Cleansing foam Rose water 100ml,3W Clinic,South Korea,foam_cleanser,foam_cleanser,144,6,yes,,3W Clinic Rose Water Cleansing Foam gently removes impurities while hydrating dry skin. Authentic Korean formula — price in Bangladesh at Emart.
OK,3961,neogen-real-cica-micellar-cleansing-foam,NEOGEN Real Cica Micellar Cleansing Foam,NEOGEN,South Korea,foam_cleanser|micellar,foam_cleanser|micellar,158,6,yes,,"NEOGEN micellar foam for acne-prone, sensitive skin with Centella Asiatica — soothes irritation. Authentic South Korean import — buy at Emart Bangladesh, COD."
OK,4037,skinfood-rice-daily-brightening-cleansing-foam,SKINFOOD-Rice Daily Brightening Cleansing Foam,skinfood,South Korea,foam_cleanser,foam_cleanser,152,6,yes,,"SKINFOOD Rice Brightening Foam for dull, hyperpigmented skin with rice bran extract — brighten. Authentic South Korean import at Emart Bangladesh — COD."
OK,4379,benton-deep-green-tea-cleansing-foam-120g,Benton Deep Green Tea Cleansing Foam 120g,benton,South Korea,foam_cleanser,foam_cleanser,155,6,yes,,"Benton foam cleanser for dry, dehydrated skin with Boseoung Green Tea — hydrates without stripping. Authentic South Korean import at Emart Bangladesh, COD."
OK,26156,cerave-hydrating-cream-to-foam-cleanser-236-ml,CERAVE Hydrating Cream-to-Foam Cleanser 236 ml,Cerave,USA,foam_cleanser,foam_cleanser,146,6,yes,,"CeraVe cream-to-foam cleanser for dry, sensitive skin with Hyaluronic Acid and Ceramides. USA dermatologist-tested — buy at Emart Bangladesh, COD."
OK,26353,simple-kind-to-skin-moisturising-facial-wash-150ml,Simple Kind To Skin Moisturising Facial Wash 150ml,Simple,UK,foam_cleanser,foam_cleanser,149,6,yes,,"Simple moisturising facial wash for dry, sensitive skin with glycerin and vitamin B5 — hydrating. Authentic UK import — buy at Emart Bangladesh, COD."
OK,26368,simple-daily-detox-purifying-face-wash-150ml,Simple Daily Detox Purifying Face Wash 150ml,Simple,UK,foam_cleanser,foam_cleanser,141,6,yes,,Simple Daily Detox Purifying Face Wash with Zinc PCA clears pollution and excess oil. Fragrance-free UK formula price in Bangladesh at Emart.
OK,26371,simple-regeneration-facial-wash-age-resisting-150ml,Simple Regeneration Facial Wash Age Resisting 150ml,Simple,UK,foam_cleanser,foam_cleanser,137,6,yes,,"Simple Regeneration Facial Wash for mature, dry skin — soap-free foam with Panthenol. Authentic UK import — buy at Emart Bangladesh, COD."
OK,26867,some-by-mi-super-matcha-pore-clean-cleansing-gel-100ml,Some By Mi Super Matcha Pore Clean Cleansing Gel 100ml,Some By Mi,South Korea,,gel_cleanser,152,6,yes,,"Some By Mi gel cleanser for oily, combination skin with 62% Matcha Water — tightens pores. Authentic South Korean import — buy at Emart Bangladesh, COD."
OK,26938,thank-you-farmer-rice-pure-clay-mask-to-foam-cleanser-150ml,THANK YOU FARMER Rice Pure Clay Mask To Foam Cleanser 150ml,THANK YOU FARMER,South Korea,foam_cleanser,clay_cleanser|foam_cleanser,145,6,yes,,"THANK YOU FARMER clay cleanser for oily, acne-prone skin with rice — 2-in-1 mask to foam. Authentic South Korean import at Emart Bangladesh, COD."
OK,26973,farm-stay-cica-farm-nature-solution-cleansing-foam-180ml,FARMSTAY Cica Farm Nature Solution Cleansing Foam 180ml,Farmstay,South Korea,foam_cleanser,foam_cleanser,153,6,yes,,"FARMSTAY Cica foam cleanser with Centella Asiatica for acne-prone, sensitive skin. Buy original at Emart Bangladesh — COD available, price in Bangladesh."
OK,27055,the-face-shop-herbday-365-cleansing-foam-aloe-green-tea-170ml,The Face Shop Herbday 365 Cleansing Foam Aloe & Green Tea 170ml,The Face Shop,South Korea,foam_cleanser,foam_cleanser,152,6,yes,,"The Face Shop Herbday Aloe & Green Tea Foam for acne-prone skin — dual botanical extracts. Authentic South Korean import — buy at Emart Bangladesh, COD."
OK,35456,boots-essentials-cucumber-facial-wash-150ml,Boots Everyday Cucumber Face Wash 150ml,Boots,UK,foam_cleanser,foam_cleanser,143,6,yes,,"Boots Cucumber Face Wash for normal, combination skin with vitamins — gentle daily cleanse. Authentic UK import — buy at Emart Bangladesh, COD."
OK,35952,biore-daily-detox-cleanser-face-wash-200ml,Biore Daily Detox Cleanser Face Wash 200ml,Biore,Japan,foam_cleanser,foam_cleanser,157,6,yes,,"Biore foam cleanser with Organic Cannabis Sativa Seed Oil & Green Tea Extract for normal to oily skin. Authentic Japan import — buy at Emart Bangladesh, COD."
OK,36186,clean-clear-exfoliating-oil-free-face-wash-150ml,Clean & Clear Exfoliating Oil Free Face Wash 150ml,Clean &amp; Clear,UK,foam_cleanser,foam_cleanser,150,6,yes,,"Clean & Clear exfoliating oil-free face wash for oily, acne-prone skin with micro-beads — UK import. Buy original at Emart Bangladesh — COD available."
OK,36207,bioderma-sebium-gel-moussant-cleansing-foaming-gel-200ml,Bioderma Sebium Gel Moussant Cleansing Foaming Gel 200ml,Bioderma,France,foam_cleanser,foam_cleanser,143,6,yes,,"Bioderma foaming gel for oily, acne-prone skin with Zinc PCA — purifies without drying. Authentic French import — buy at Emart Bangladesh, COD."
OK,36329,simple-moisturising-foaming-facial-wash-150ml,Simple Moisturising Foaming Facial Wash 150ml,Simple,UK,foam_cleanser,foam_cleanser,141,6,yes,,"Simple foam cleanser for dry, sensitive skin with Pro-Vitamin B5 — gentle hydration. Fragrance-free UK import — buy at Emart Bangladesh, COD."
OK,36571,neutrogena-oil-balancing-facial-wash-200ml,Neutrogena Oil Balancing Facial Wash 200ml,Neutrogena,USA,foam_cleanser,generic_cleanser,156,6,yes,,"Neutrogena oil balancing cleanser for oily, combination skin with Aloe — controls excess oil. USA-origin oil-control formula — buy at Emart Bangladesh, COD."
OK,37091,xpel-tea-tree-foaming-face-wash-200ml,Xpel Tea Tree Foaming Face Wash 200ml,Xpel,UK,foam_cleanser,foam_cleanser,140,6,yes,,"Xpel foaming face wash for oily, acne-prone skin with Tea Tree Oil — antibacterial. Fragrance-free UK import — buy at Emart Bangladesh, COD."
OK,37335,garnier-skin-active-micellar-cleansing-gel-wash-200ml,Garnier Skin Active Micellar Cleansing Gel Wash 200ml,Garnier,France,micellar,gel_cleanser|micellar,154,6,yes,,"Garnier micellar gel cleanser for sensitive, dry skin with Micellar Technology — gentle cleansing. Authentic France import — buy at Emart Bangladesh, COD."
OK,37356,the-body-shop-vitamin-e-gentle-facial-wash-125ml,The Body Shop Vitamin E Gentle Facial Wash 125ml,The Body Shop,UK,foam_cleanser,foam_cleanser,156,6,yes,,"The Body Shop Vitamin E Gentle Facial Wash for dry, sensitive skin with Vitamin E antioxidant. Authentic UK import — buy at Emart Bangladesh, COD available."
OK,37366,the-body-shop-seaweed-deep-cleansing-gel-wash-125ml,The Body Shop Seaweed Deep Cleansing Gel Wash 125ml,The Body Shop,UK,,,152,6,yes,,"The Body Shop seaweed gel wash for combination, sensitive skin — deep cleans without stripping. Fragrance-free UK import — buy at Emart Bangladesh, COD."
OK,43883,axis-y-sunday-morning-refreshing-cleansing-foam-120ml,Axis-Y Sunday Morning Refreshing Cleansing Foam 120ml,AXIS-Y,South Korea,foam_cleanser,foam_cleanser,134,6,yes,,"AXIS-Y low pH foam cleanser for oily, acne-prone skin — non-stripping formula. Authentic South Korean import at Emart Bangladesh, COD."
OK,50616,innisfree-volcanic-pore-bha-cleansing-foam-150m,Innisfree Volcanic Pore BHA Cleansing Foam 150m,Innisfree,South Korea,foam_cleanser,foam_cleanser,155,6,yes,,Innisfree Volcanic Pore BHA Cleansing Foam removes sebum and pollution with Jeju clusters and natural BHA. Oil-control foam — price in Bangladesh at Emart.
OK,51070,dabo-black-force-foam-cleanser-men-120ml,Dabo Black Force Foam Cleanser Men 120ml,Dabo,South Korea,foam_cleanser,foam_cleanser,157,6,yes,,"Dabo Black Force Foam for oily, acne-prone skin with Charcoal and Tea Tree — deep pore cleanse. Authentic South Korean import — buy at Emart Bangladesh, COD."
OK,51254,rovectin-skin-essentials-conditioning-cleanser175-ml,Rovectin Aqua Cleansing Gel (Skin Essentials Conditioning Cleanser) 175ml,Rovectin,South Korea,generic_cleanser,generic_cleanser,145,6,yes,,Rovectin Aqua Cleansing Gel conditions sensitive skin while removing impurities — no stripping. Gel-type cleanser — price in Bangladesh at Emart.
OK,52474,cosrx-ac-collection-calming-foam-cleanser-50ml,Cosrx AC Collection Calming Foam Cleanser 50mL,CosRx,South Korea,foam_cleanser,foam_cleanser,146,6,yes,,COSRX AC Calming Foam Cleanser removes impurities without stripping using 0.5% Salicylic Acid. South Korean origin — price in Bangladesh at Emart.
OK,56319,haruharu-wonder-black-rice-moisture-deep-cleansing-oil-150ml,HaruHaru Wonder Black Rice Moisture 5.5 Soft Cleansing Gel 100ml,Haruharu Wonder,South Korea,,gel_cleanser,151,6,yes,,"Haruharu Wonder Black Rice gel cleanser for dry, sensitive skin with fermented Black Rice for gentle cleansing. Buy original at Emart Bangladesh — COD."
OK,56469,cosrx-low-ph-niacinamide-micellar-cleansing-water-400ml,Cosrx Low Ph Niacinamide Micellar Cleansing Water 400ml,CosRx,South Korea,micellar,micellar,148,6,yes,,COSRX Low pH Niacinamide Micellar Water gently removes impurities and brightens skin. Authentic Korean cleansing water price in Bangladesh at Emart.
OK,57655,cosrx-advanced-snail-mucin-gel-cleanser-50ml,CosRx Advanced Snail Mucin Gel Cleanser 50ml,CosRx,South Korea,gel_cleanser,gel_cleanser,148,6,yes,,"CosRx gel cleanser with snail mucin — gentle hydration for sensitive, acne-prone skin. Authentic South Korean import — buy at Emart Bangladesh, COD."
OK,58144,skin1004-madagascar-centella-tone-brightening-cleansing-gel-foam-125ml,SKIN1004 Madagascar Centella Tone Brightening Cleansing Gel Foam 125ml,Skin1004,South Korea,foam_cleanser,gel_cleanser,146,6,yes,,"SKIN1004 Centella gel cleanser brightens and calms acne-prone, sensitive skin with Madagascar Centella. Authentic import at Emart Bangladesh, COD."
OK,58148,skin1004-madagascar-centella-tea-trica-bha-foam-cleanser-125ml,SKIN1004 Madagascar Centella Tea-Trica Bha Foam Cleanser 125ml,Skin1004,South Korea,foam_cleanser,foam_cleanser,147,6,yes,,"SKIN1004 Centella Tea-Trica BHA Foam Cleanser for acne-prone, sensitive skin — BHA exfoliation. South Korean import — buy at Emart Bangladesh, COD."
OK,58195,cosrx-low-ph-good-morning-gel-cleanser-50ml,COSRX Low pH Good Morning Gel Cleanser 50ml,CosRx,South Korea,gel_cleanser,cleansing_bar|gel_cleanser,150,6,yes,,"COSRX low pH gel cleanser for sensitive skin with mildly acidic pH 5 — barrier-friendly. Authentic South Korean import — buy at Emart Bangladesh, COD."
OK,59347,the-face-shop-jeju-aloe-fresh-soothing-foam-cleanser-150ml,The Face Shop Jeju Aloe Fresh Soothing Foam Cleanser 150ml,The Face Shop,South Korea,foam_cleanser,foam_cleanser,152,6,yes,,"The Face Shop aloe foam cleanser with Jeju aloe vera — soothes dry skin in humid climates. Authentic South Korean import — buy at Emart Bangladesh, COD."
OK,59351,welcos-aloe-vera-moisture-real-foam-cleanser-150g,Welcos Aloe Vera Moisture Real Foam Cleanser 150g,welcos,South Korea,foam_cleanser,foam_cleanser,156,6,yes,,"Welcos Aloe Vera foam cleanser for dry skin with aloe vera — hydrating and soothing. Authentic South Korean import — buy at Emart Bangladesh, COD available."
OK,59385,iunik-centella-bubble-cleansing-foam-150ml,Iunik Centella Bubble Cleansing Foam 150ml,iUNIK,South Korea,foam_cleanser,foam_cleanser,154,6,yes,,"iUNIK Centella foam cleanser for acne-prone, sensitive skin with Centella Asiatica — soothing. Authentic South Korean import at Emart Bangladesh with COD."
OK,59484,ksecret-seoul-1988-cleansing-foam-pine-cica-1-probiotics-150-ml,KSECRET SEOUL 1988 Cleansing Foam : Pine Cica 1% + Probiotics 150 ml,KSECRET,South Korea,foam_cleanser,foam_cleanser,155,6,yes,,"KSECRET Pine Cica foam cleanser for acne-prone, sensitive skin — probiotics soothe & balance. Authentic South Korean import — buy at Emart Bangladesh, COD."
OK,59488,innisfree-olive-vitamin-e-real-cleansing-foam-150g,Innisfree Olive Vitamin E Real Cleansing Foam 150g,Innisfree,South Korea,foam_cleanser,foam_cleanser,150,6,yes,,"Innisfree Olive & Vitamin E foam cleanser for dry, mature skin — anti-aging nourishment. Authentic South Korean import — buy at Emart Bangladesh, COD."
OK,59656,derma-factory-edlp-houttuynia-cordata-24-cleansing-foam-120g,DERMA FACTORY EDLP Houttuynia Cordata 24% Cleansing Foam 120g,DERMA FACTORY EDLP,South Korea,foam_cleanser,foam_cleanser,146,6,yes,,"DERMA FACTORY foam cleanser for acne-prone, oily skin with 24% heartleaf extract — Sulfate-free cleanser — shop at Emart Bangladesh, COD delivery."
OK,59857,b-lab-matcha-hydrating-foam-cleanser-120ml,B-LAB Matcha Hydrating Foam Cleanser 120ml,B-LAB Matcha,South Korea,foam_cleanser,foam_cleanser,153,6,yes,,"B-LAB Matcha Hydrating Foam Cleanser for dry, dehydrated skin — matcha-infused gentle foam. Authentic South Korean import — buy at Emart Bangladesh, COD."
OK,60138,dabo-natural-rich-foam-cleanser-green-tea-180-ml,Dabo Natural Rich Foam Cleanser Green Tea 180 ml,Dabo,South Korea,foam_cleanser,foam_cleanser,155,6,yes,,"Dabo foam cleanser for oily, acne-prone skin with Green Tea Extract — antioxidant protection. Authentic South Korean import — buy at Emart Bangladesh, COD."
OK,60160,dabo-natural-rich-foam-cleanser-collagen-20-ml,Dabo Natural Rich Foam Cleanser Collagen 20 ml,Dabo,South Korea,foam_cleanser,foam_cleanser,139,6,yes,,"Dabo collagen foam cleanser for mature, dry skin with anti-aging & wrinkle care — gentle South Korean beauty. Buy at Emart Bangladesh, COD."
OK,60184,dabo-7-in-1-multi-foam-cleanser-20-ml,Dabo 7 In 1 Multi Foam Cleanser 20 ml,Dabo,South Korea,foam_cleanser,foam_cleanser,156,6,yes,,"Dabo 7-in-1 foam cleanser for oily, sensitive skin with Centella Asiatica — travel size 20 ml. Authentic South Korean import — buy at Emart Bangladesh, COD."
OK,60190,dabo-all-in-one-black-snail-foam-cleanser-120-ml,Dabo All In One Black Snail Foam Cleanser 120 ml,Dabo,South Korea,foam_cleanser,foam_cleanser,147,6,yes,,"Dabo deep-cleansing foam with Black Snail Mucin, Charcoal for oily, combination skin — Dermatologist-friendly — authentic at Emart Bangladesh, COD."
OK,60192,dabo-natural-rich-foam-cleanser-collagen-180-ml,Dabo Natural Rich Foam Cleanser Collagen 180 ml,Dabo,South Korea,foam_cleanser,foam_cleanser,151,6,yes,,"Dabo collagen foam cleanser for mature, dry skin with hydrolysed collagen — anti-aging support. Authentic South Korean import at Emart Bangladesh, COD."
OK,60200,dabo-natural-rich-foam-cleanser-avocado-180-ml,Dabo Natural Rich Foam Cleanser Avocado 180 ml,Dabo,South Korea,foam_cleanser,foam_cleanser,140,6,yes,,"Dabo avocado foam cleanser for oily, acne-prone skin with tea tree extract — Fragrance-free formula — buy original at Emart Bangladesh, COD."
OK,60222,dabo-white-tree-saow-flake-pure-white-foam-cleanser-150-ml,Dabo White Tree Saow Flake Pure White Foam Cleanser 150 ml,Dabo,South Korea,foam_cleanser,foam_cleanser,150,6,yes,,"Dabo White Tree foam cleanser with brightening extract for hyperpigmentation and dull skin. White Tree Extract formula — buy at Emart Bangladesh, COD."
OK,60402,dabo-natural-rich-foam-cleanser-collagen-60-ml,Dabo Natural Rich Foam Cleanser – Collagen 60 ml,Dabo,South Korea,foam_cleanser,foam_cleanser,151,6,yes,,"Dabo foam cleanser for mature skin with Hydrolyzed Collagen — supports wrinkle repair. Authentic South Korean import — buy at Emart, COD in Bangladesh."
OK,60464,phytotree-pure-alps-mountain-cleansing-foam-150-ml,Phytotree Pure Alps Mountain Cleansing Foam 150 ml,Phytotree Pure Alps,South Korea,foam_cleanser,foam_cleanser,151,6,yes,,"Phytotree Pure Alps foam cleanser with alpine ingredients for normal to oily skin — refreshing. Authentic South Korean import at Emart Bangladesh, COD."
OK,60681,nature-republic-fresh-herb-cleansing-foam-170-ml-peach,Nature Republic Fresh Herb Cleansing Foam 170 ml – PEACH,Nature Republic,South Korea,foam_cleanser,foam_cleanser,136,6,yes,,"Nature Republic peach foam cleanser for dry, dull skin with peach extract — Low pH formula — price in Bangladesh at Emart Skincare, COD."
OK,60772,holika-holika-daily-fresh-olive-cleansing-foam-150-ml,Holika Holika Daily Fresh Olive Cleansing Foam 150 ml,holika holika,South Korea,foam_cleanser,foam_cleanser,157,6,yes,,"Holika Holika olive foam cleanser for normal, dry skin with Olive Extract — gentle daily cleanse. Authentic South Korean import at Emart Bangladesh with COD."
OK,60807,acne-combo-cosrx-low-ph-cleanser-50ml-axis-y-dark-spot-serum-5ml,Acne Combo: Cosrx Low pH Cleanser 50ml + AXIS-Y Dark Spot Serum 5ml,CosRx,South Korea,generic_cleanser,foam_cleanser,140,6,yes,,"COSRX low pH foam + AXIS-Y serum combo for acne, hyperpigmentation in Bangladesh humidity. Low pH 5.5 formula. Buy at Emart Bangladesh, COD."
OK,60870,3w-clinic-rose-water-cleansing-foam-100ml,3w Clinic Rose Water Cleansing Foam 100ml,3W Clinic,South Korea,foam_cleanser,foam_cleanser,156,6,yes,,"3W Clinic rose water foam cleanser for dry, dehydrated skin with rose water — hydrates gently. Authentic South Korean import — buy at Emart Bangladesh, COD."
OK,60872,3w-clinic-charcoal-cleansing-foam-100-ml,3w Clinic Charcoal Cleansing Foam 100 ml,3W Clinic,South Korea,foam_cleanser,foam_cleanser,158,6,yes,,"3W Clinic charcoal foam for oily, combination skin — absorbs excess sebum with activated carbon. Authentic South Korean import — buy at Emart Bangladesh, COD."
OK,60950,dabo-black-force-for-men-foam-cleanser-120-ml,Dabo Black Force For Men Foam Cleanser 120 ml,Dabo,South Korea,foam_cleanser,foam_cleanser,135,6,yes,,Dabo Black Force foam cleanser with Ceramide NP and Panthenol for men's skin — deep cleanse. Buy at Emart Bangladesh with COD delivery.
OK,61032,3w-clinic-collagen-cleansing-foam-100-ml,3W Clinic Collagen Cleansing Foam 100 ml,3W Clinic,South Korea,foam_cleanser,foam_cleanser,152,6,yes,,"3W Clinic collagen foam cleanser for mature, dull skin — hydrolyzed collagen peptides. Authentic South Korean import — buy at Emart Bangladesh with COD."
OK,61036,3w-clinic-green-tea-cleansing-foam-100-ml,3w Clinic Green Tea Cleansing Foam 100 ml,3W Clinic,South Korea,foam_cleanser,foam_cleanser,146,6,yes,,"3W Clinic Green Tea foam cleanser for oily, acne-prone skin — authentic South Korean import with acne care. Buy original at Emart Bangladesh, COD."
OK,61117,tonymoly-intense-care-gold-24k-snail-foam-cleanser-150-ml,Tonymoly Intense Care Gold 24k Snail Foam Cleanser 150 ml,tonymoly,South Korea,foam_cleanser,foam_cleanser,145,6,yes,,"Tonymoly gold-infused snail foam cleanser for dry, mature skin with hyaluronic acid — gentle brightening. Buy at Emart Bangladesh, COD available."
OK,61227,holika-holika-daily-fresh-rice-cleansing-foam-150-ml,Holika Holika Daily Fresh Rice Cleansing Foam 150 ml,holika holika,South Korea,foam_cleanser,foam_cleanser,158,6,yes,,"Holika Holika rice cleansing foam for normal, oily skin with Rice Bran Oil — gentle brightening. Authentic South Korean import — buy at Emart Bangladesh, COD."
OK,61389,tonymoly-shea-butter-chok-chok-foam-cleanser-250-ml,Tonymoly Shea Butter Chok Chok Foam Cleanser 250 ml,tonymoly,South Korea,foam_cleanser,foam_cleanser,144,6,yes,,"Tonymoly foam cleanser for dry, sensitive skin with Shea Butter — nourishing care. Authentic South Korean import — buy at Emart Bangladesh, COD."
OK,61493,dabo-green-tea-vital-rich-healthy-foam-cleanser-100-ml,Dabo Green Tea Vital-Rich Healthy Foam Cleanser 100 ml,Dabo,South Korea,foam_cleanser,foam_cleanser,152,6,yes,,"Dabo Green Tea foam cleanser for oily, acne-prone skin with green tea — gentle daily wash. Authentic South Korean import — buy at Emart Bangladesh, COD."
OK,61648,on-the-body-the-natural-avocado-mild-cleansing-foam-120-g,on the body The Natural Avocado Mild Cleansing Foam - 120 g,L'Oréal,South Korea,foam_cleanser,foam_cleanser,156,6,yes,,"L'Oréal avocado foam cleanser for normal, sensitive skin with glycerin — mild & non-stripping. Authentic South Korean import — buy at Emart Bangladesh, COD."
OK,61872,dabo-rice-ferment-foam-cleanser-whitening-shining-100ml,Dabo Rice Ferment Foam Cleanser Whitening &#038; Shining 100ml,Dabo,South Korea,foam_cleanser,foam_cleanser,153,6,yes,,"Dabo whitening foam with Rice Ferment for dull, uneven skin — brightens and controls shine. Authentic South Korean import — buy at Emart Bangladesh, COD."
OK,61874,dabo-rice-ferment-foam-cleanser-whitening-shining-180ml,Dabo Rice Ferment Foam Cleanser Whitening &#038; Shining 180ml,Dabo,South Korea,foam_cleanser,foam_cleanser,157,6,yes,,"Dabo Rice Ferment foam cleanser for hyperpigmentation-prone skin with rice ferment — brightening. Authentic South Korean import — from Emart Bangladesh, COD."
OK,61946,anua-peach-niacin-spread-cleansing-foam-150ml,Anua Peach Niacin Spread Cleansing Foam 150ml,Anua,South Korea,foam_cleanser,foam_cleanser,137,6,yes,,"Anua peach foam for oily, dull skin with niacinamide — pores & brightening. 2% Niacinamide S.Korea import — buy at Emart Bangladesh, COD."
OK,62036,reihaku-hatomugi-moisturizing-facial-cleansing-foam-170g,Reihaku Hatomugi Moisturizing Facial Cleansing Foam 170g,Reihaku Hatomugi Moisturizing,Japan,foam_cleanser,foam_cleanser,152,6,yes,,"Reihaku Hatomugi foam cleanser for dry, normal skin with Japanese Job's Tears — gentle hydration. Authentic Japan import — buy at Emart Bangladesh, COD."
OK,62038,cow-brand-skin-life-facial-cleansing-foam-medicated-acne-care-130g,Cow brand Skin Life Facial Cleansing Foam Medicated Acne Care 130g,Cow brands,Japan,foam_cleanser,foam_cleanser,155,6,yes,,"Cow brand medicated foam cleanser for oily, acne-prone skin from Japan — controls breakouts. Authentic Japanese import at Emart Bangladesh — COD available."
OK,62706,skin1004-madagascar-centella-poremizing-deep-cleansing-foam-125ml,Skin1004 Madagascar Centella Poremizing Deep Cleansing Foam 125ml,Skin1004,South Korea,foam_cleanser,foam_cleanser,151,6,yes,,"Skin1004 foam cleanser for oily, sensitive skin with Centella Asiatica — pore minimizing. Authentic South Korean import — buy at Emart Bangladesh, COD."
OK,62767,round-lab-1025-dokdo-cleansing-gel-150ml,Round Lab 1025 Dokdo Cleansing Gel 150ml,Round Lab,South Korea,,gel_cleanser,155,6,yes,,"Round Lab gel cleanser for sensitive, dry skin with deep sea water — mildly acidic pH. Authentic South Korean import at Emart Bangladesh with COD delivery."
OK,62795,heimish-all-clean-gentle-exfoliating-gel-cleanser-130ml,Heimish All Clean Gentle Exfoliating Gel Cleanser 130ml,Heimish All Clean,South Korea,gel_cleanser,,157,6,yes,,"Heimish All Clean gentle exfoliating gel for oily, sensitive skin — refines pores & blackheads. Authentic South Korean import — buy at Emart Bangladesh, COD."
OK,62809,im-from-mugwort-gel-cleanser-150ml,I&#8217;m From Mugwort Gel Cleanser 150ml,I’m from,South Korea,gel_cleanser,gel_cleanser,158,6,yes,,"I’m From gel cleanser for sensitive, acne-prone skin with Mugwort Extract — soothes redness. Authentic South Korean import at Emart Bangladesh — COD delivery."
OK,62909,abib-acne-foam-cleanser-heartleaf-foam-150ml,Abib Acne foam cleanser Heartleaf foam 150ml,Abib,South Korea,foam_cleanser,foam_cleanser,150,6,yes,,"Abib foam cleanser for acne-prone, oily skin with Heartleaf Extract — soothes blemishes. Authentic South Korean import — buy at Emart Bangladesh, COD."
OK,62935,torriden-balanceful-cleansing-gel-200ml,Torriden BALANCEFUL Cleansing Gel 200ml,Torriden,South Korea,,gel_cleanser,151,6,yes,,"Torriden gentle gel cleanser for sensitive, dry skin with Panthenol (Provitamin B5) — soothes without stripping. Buy original at Emart Bangladesh, COD."
OK,62957,hadalabo-gokujyun-hydrataning-hyaluronic-cleansing-foam-100gm,Hadalabo Gokujyun Hydrataning Hyaluronic Cleansing Foam 100gm,Hada Labo,Japan,foam_cleanser,foam_cleanser,139,6,yes,,"Hada Labo foam cleanser for dry, dehydrated skin with Hyaluronic Acid — deep hydration. Authentic Japanese import at Emart Bangladesh, COD."
OK,62959,hada-labo-gokujyun-hyaluronic-acid-foaming-facewash160ml,Hada Labo Gokujyun Hyaluronic Acid Foaming Facewash160ml,Hada Labo,Japan,foam_cleanser,foam_cleanser,149,6,yes,,"Hada Labo foaming cleanser for dry, dehydrated skin with Hyaluronic Acid — Japanese gentle hydration. Buy authentic import at Emart Bangladesh — COD."
OK,62971,biore-skin-care-medicated-facial-wash-acne-care-130g,Biore Skin Care Medicated Facial Wash Acne Care 130g,Biore Skin Care,Japan,foam_cleanser,foam_cleanser,152,6,yes,,"Biore Skin Care medicated foam for oily, acne-prone skin with Salicylic Acid — deep cleans pores. Authentic Japan import — buy at Emart Bangladesh, COD."
OK,62973,biore-skin-care-facial-wash-moisture-for-moist-smooth-skin-130g,Biore Skin Care Facial Wash Moisture For Moist & Smooth Skin 130g,Biore Skin Care,Japan,foam_cleanser,foam_cleanser,155,6,yes,,"Biore foam cleanser for dry, dehydrated skin with micro-foam technology — gentle, hydrating. Authentic Japanese import at Emart Bangladesh — COD available."
OK,62975,biore-skin-care-facial-wash-rich-moisture-for-dry-skin-130g,Biore Skin care Facial Wash Rich Moisture For Dry Skin 130g,Biore Skin Care,Japan,foam_cleanser,foam_cleanser,153,6,yes,,"Biore Skin Care foam cleanser for dry, dehydrated skin with squalane — moisture-lock hydration. Authentic Japanese import — buy at Emart Bangladesh, COD."
OK,62977,biore-skincare-facial-wash-scrub-for-dirty-pores-and-dead-skin-130g,Biore Skincare Facial Wash Scrub For Dirty Pores and Dead Skin 130g,Biore Skincare Facial,Japan,foam_cleanser,generic_cleanser,136,6,yes,,"Biore exfoliating face scrub with PHFA for oily skin, pores & blackheads. Gentle pore cleanser — buy at Emart Bangladesh, COD available."
OK,63073,kaine-rosemary-relief-gel-cleanser-mini-30ml,KAINE Rosemary Relief Gel Cleanser MINI &#8211; 30ml,KAINE Rosemary Relief,South Korea,gel_cleanser,gel_cleanser,154,6,yes,,"KAINE Rosemary gel cleanser for sensitive, combination skin — soothes with rosemary extract. Authentic South Korean import — buy at Emart Bangladesh, COD."
OK,63157,clean-clear-night-relaxing-deep-cleaning-face-wash-240ml,Clean & Clear Night Relaxing Deep Cleaning Face Wash 240ml,Clean &amp; Clear,UK,foam_cleanser,foam_cleanser,143,6,yes,,"Clean & Clear foam cleanser for normal to oily skin with soothing agents — deep yet gentle. Authentic UK import — buy at Emart Bangladesh, COD."
OK,63171,b-lab-cica-barrier-5-5-gel-cleanser-120ml,B.LAB Cica Barrier 5.5 Gel Cleanser 120ml,B.LAB Cica Barrier,South Korea,cleansing_bar|gel_cleanser,gel_cleanser,148,6,yes,,"B.LAB gentle gel cleanser for acne-prone, sensitive skin with Cica — low pH 5.5 formula. Buy authentic South Korean import at Emart Bangladesh, COD."
OK,63195,rovectin-clean-green-papaya-pore-cleansing-foam-150ml,Rovectin Clean Green Papaya Pore Cleansing Foam 150ml,Rovectin,South Korea,foam_cleanser,foam_cleanser,142,6,yes,,"Rovectin papaya foam cleanser for oily, combination skin with Papain Enzyme — pore refining. Low pH 5.5 formula. Buy at Emart Bangladesh, COD."
OK,63225,heimish-matcha-biome-low-ph-hydrating-mask-sheet-30ml,Heimish Matcha Biome Low pH Hydrating Mask Sheet 30ml,Heimish Matcha Biome,South Korea,,foam_cleanser,158,6,yes,,"Heimish Matcha Biome hydrating foam for dry, sensitive skin with Matcha Biome Complex — low pH 5.5. Buy original South Korean import at Emart Bangladesh, COD."
OK,63433,pyunkang-yul-low-ph-cleansing-water-290ml,Pyunkang Yul Low pH Cleansing Water 290ml,Pyunkang Yul,South Korea,,cleansing_bar|foam_cleanser,151,6,yes,,"Pyunkang Yul Low pH cleansing foam for dry, sensitive skin with skin barrier agents. Low pH 5.5 South Korean import — buy at Emart Bangladesh with COD."
OK,63463,cerave-hydrating-cream-to-foam-cleanser-normal-to-dry-skin-473ml,Cerave Hydrating Cream To Foam Cleanser (normal-to-dry skin) 473ml,Cerave,USA,foam_cleanser,foam_cleanser,144,6,yes,,"CeraVe cream-to-foam cleanser for dry, sensitive skin with ceramides — retains moisture. Ceramide-rich USA import buy at Emart Bangladesh — COD."
OK,63601,la-roche-posay-effaclar-purifying-cleansing-gel-400ml,La Roche Posay Effaclar Purifying Cleansing Gel 400ml,La Roche Posay,France,,gel_cleanser,137,6,yes,,"La Roche Posay Effaclar gel cleanser for sensitive, oily skin — gentle purifying. Authentic French import — buy at Emart Bangladesh, COD."
OK,63637,kaine-rosemary-relief-gel-cleanser-150ml,KAINE Rosemary Relief Gel Cleanser 150ml,KAINE Rosemary Relief,South Korea,gel_cleanser,gel_cleanser,155,6,yes,,"KAINE Rosemary Relief gel cleanser for acne-prone, sensitive skin with Rosemary Extract — Low pH formula. Buy original at Emart Bangladesh — COD available."
OK,63679,neutrogena-hydro-boost-hydrating-cleansing-gel-162ml,Neutrogena Hydro Boost Hydrating Cleansing Gel 162ml,Neutrogena,USA,,gel_cleanser,147,6,yes,,"Neutrogena Hydro Boost gel cleanser for dry, sensitive skin with Hyaluronic Acid — non-stripping. Buy original US import at Emart Bangladesh — COD."
OK,63775,heimish-matcha-biome-amino-acne-cleansing-foam-150ml,Heimish Matcha Biome Amino Acne Cleansing Foam 150ml,Heimish Matcha Biome,South Korea,foam_cleanser,foam_cleanser,157,6,yes,,"Heimish matcha biome foam cleanser for acne-prone, oily skin with matcha — gentle acne control. Authentic South Korean import — buy at Emart Bangladesh, COD."
OK,74050,anua-heartleaf-succinic-moisture-cleansing-foam-25ml,Anua Heartleaf Succinic Moisture Cleansing Foam 25ml,Anua,South Korea,foam_cleanser,foam_cleanser,149,6,yes,,"Anua foam cleanser for dry, dehydrated skin with heartleaf extract — moisture-boosting. Authentic South Korean import — buy at Emart Bangladesh, COD."
OK,74052,anua-heartleaf-quercetinol-pore-deep-cleansing-foam-150ml,Anua Heartleaf Quercetinol Pore Deep Cleansing Foam 150ml,Anua,South Korea,foam_cleanser,foam_cleanser,140,6,yes,,"Anua Heartleaf foam cleanser for oily, acne-prone skin with pore-tightening Quercetinol — South Korean import. Buy at Emart Bangladesh, COD."
OK,74062,aqualogica-iiiuminate-smoothie-face-wash-with-wild-berries-alpha-arbutin-for-luminous-glow-100ml,Aqualogica IIIuminate+ Smoothie Face Wash with Wild Berries & Alpha Arbutin for Luminous Glow 100ml,Aqualogica IIIuminate+ Smoothie,India,foam_cleanser,foam_cleanser,153,6,yes,,"Aqualogica foam face wash for oily, combination skin with Alpha Arbutin — fades hyperpigmentation. Authentic India import — buy at Emart Bangladesh, COD."
OK,74064,aqualogica-glow-smoothie-face-wash-with-papaya-vitamin-c-for-glowing-skin-100ml,Aqualogica Glow+ Smoothie Face Wash with Papaya & Vitamin C for Glowing Skin 100ml,Aqualogica Glow+ Smoothie,India,foam_cleanser,foam_cleanser,148,6,yes,,"Aqualogica Glow+ face wash with Papaya & Vitamin C for dull, hyperpigmented skin. Brightening foam cleanser — buy original at Emart Bangladesh, COD."
OK,74066,aqualogica-radiance-smoothie-face-wash-with-watermelon-niacinamide-for-clear-oil-free-skin-100ml,Aqualogica Radiance+ Smoothie Face Wash with Watermelon & Niacinamide for Clear & Oil-Free Skin 100ml,Aqualogica Radiance+ Smoothie,India,foam_cleanser,foam_cleanser,149,6,yes,,"Aqualogica Radiance+ foam face wash for dull, hyperpigmented skin with Niacinamide and Watermelon Extract. Buy at Emart Bangladesh with COD delivery."
OK,74082,innsaei-low-ph-daily-gel-cleanser-5-5-150ml,Innsaei Low Ph Daily Gel Cleanser 5.5 150ml,Innsaei Low Ph,Bangladesh,gel_cleanser,gel_cleanser,142,6,yes,,"Innsaei Low pH gel cleanser for sensitive skin with Centella Asiatica — soothes irritation. Low pH 5.5 formula — buy at Emart Bangladesh, COD."
OK,74096,avene-cleanance-cleansing-gel-400ml,Avene Cleanance Cleansing Gel 400ml,AVENE,France,,gel_cleanser,154,6,yes,,"AVENE gel cleanser for sensitive, oily skin with Avene Thermal Spring Water — soothes & exfoliates. Authentic French import, buy at Emart Bangladesh, COD."
OK,74098,avene-cleanance-cleansing-gel-200ml,Avene Cleanance Cleansing Gel 200ml,AVENE,France,,gel_cleanser,142,6,yes,,"Avene gentle gel cleanser for sensitive, oily skin with MP Oil Control — soap-free. French pharmacy import — buy at Emart Bangladesh with COD."
OK,74243,retina-oroclin-lemon-brightening-cream-facewash-100ml,Retina Oroclin Lemon Brightening Cream Facewash 100ml,Retina Oroclin Lemon,USA,,generic_cleanser,146,6,yes,,"Retina Oroclin Lemon cream cleanser with Retinaldehyde and Citric Acid for hyperpigmentation, wrinkles. USA import — buy at Emart Bangladesh, COD."
OK,74259,acne-combo-carenel-niacinamide-10-zinc-1-serum-30ml-carenel-cicavita-b5-salicylic-acid-gentle-cleanser-150ml,Acne Combo (Carenel Niacinamide 10% Zinc 1% Serum 30ml & Carenel Cicavita B5 Salicylic Acid Gentle Cleanser 150ml),Acne,South Korea,generic_cleanser,generic_cleanser,158,6,yes,,"Acne Combo by Carenel — Salicylic Acid cleanser + 10% Niacinamide serum for acne and dark spots. Authentic South Korean import — buy at Emart Bangladesh, COD."
OK,74267,carenel-egg-white-pore-clinic-cleansing-foam-150ml,Carenel Egg White Pore Clinic Cleansing Foam 150ml,CARE:NEL,South Korea,foam_cleanser,foam_cleanser,134,6,yes,,"Carenel foam cleanser for oily, combo skin with egg white & salicylic acid — pore refining. Buy at Emart Bangladesh with COD delivery."
OK,74321,skinlife-foaming-face-wash-pump-160ml,SkinLife Foaming Face Wash Pump 160ml,SkinLife Foaming Face,Japan,foam_cleanser,foam_cleanser,148,6,yes,,"SkinLife Japanese foam cleanser with hyaluronic acid for oily, acne-prone skin — gentle hydration. Buy original at Emart Bangladesh — COD available."
OK,74323,coxir-green-tea-ph-clear-foam-cleanser-150ml,Coxir Green Tea pH Clear Foam Cleanser - 150ml,coxir,South Korea,foam_cleanser,foam_cleanser,150,6,yes,,"Coxir pH Clear Foam for dry, sensitive skin with Green Tea Extract — gentle hydration. Low pH 5.5 formula — buy at Emart Bangladesh with COD delivery."
OK,74394,dr-sheths-mediglow-foaming-face-wash-100ml,Dr. Sheth’s Mediglow Foaming Face Wash - 100ml,DR.Shetha's,India,foam_cleanser,foam_cleanser,148,6,yes,,"Dr. Sheth's foaming face wash for oily, dull skin with Niacinamide & Vitamin C — brightens, controls oil. Buy at Emart Bangladesh with COD delivery."
OK,74474,gfors-salicylic-acid-deep-cleansing-foam-150ml,GFORS Salicylic Acid Deep Cleansing Foam 150ml,GFORS Salicylic Acid,South Korea,foam_cleanser,foam_cleanser,134,6,yes,,"GFORS Salicylic Acid Deep Cleansing Foam — BHA for acne-prone, oily skin. Authentic South Korean import. Buy at Emart Bangladesh, COD."
OK,74640,kose-cosmeport-softymo-hyaluronic-acid-cleansing-foam-150g,Kose Cosmeport Softymo Hyaluronic Acid Cleansing Foam 150g,Kose,Japan,foam_cleanser,foam_cleanser,156,6,yes,,"Kose Cosmeport Softymo Hyaluronic Acid foam cleanser for dry, dehydrated skin — ceramides hydrate. Authentic Japanese import — buy at Emart Bangladesh, COD."
OK,74731,lavino-vitamin-c-face-wash-with-tangerine-extract,Lavino Vitamin C Face Wash - with Tangerine Extract,Lavino Vitamin C,Bangladesh,foam_cleanser,foam_cleanser,151,6,yes,,"Lavino Vitamin C face wash with Tangerine E for dull, hyperpigmented skin — brightening foam. Vitamin C-powered formula — buy at Emart Bangladesh, COD."
OK,74735,lavino-neem-purifying-face-wash-with-0-5-salicylic-acid-100ml,Lavino Neem Purifying Face Wash With 0.5% Salicylic Acid 100ml,Lavino Neem,Bangladesh,foam_cleanser,foam_cleanser,143,6,yes,,"Lavino Neem face wash for oily, acne-prone skin with 0.5% Salicylic Acid. Blemish control for Bangladesh climate. Buy at Emart Bangladesh, COD."
OK,74737,lavino-milk-brightening-face-wash-100ml,Lavino Milk Brightening Face Wash 100ml,Lavino Milk,Bangladesh,foam_cleanser,foam_cleanser,147,6,yes,,Lavino Milk cream face wash for hyperpigmentation-prone skin with Milk Protein — brightens and evens tone. Buy at Emart Bangladesh — COD available.
OK,74757,lilac-advanced-brightening-face-wash-dry-and-sensitive-skin-120ml,Lilac Advanced Brightening Face Wash Dry And Sensitive Skin 120ml,Lilac Advanced,Bangladesh,foam_cleanser,foam_cleanser,152,6,yes,,"Lilac Advanced brightening foam wash for dry, sensitive skin with hyperpigmentation care. Bangladeshi brand — buy at Emart Bangladesh with COD delivery."
OK,74759,lilac-brightening-face-wash-oily-combination-skin-120ml,Lilac Brightening Face Wash Oily & Combination Skin 120ml,Lilac,Bangladesh,foam_cleanser,foam_cleanser,152,6,yes,,"Lilac brightening foam cleanser for oily, combination skin with Niacinamide — targets hyperpigmentation. Bangladesh-made — buy at Emart Bangladesh, COD."
OK,74774,make9-black-sugar-wash-off-peeling-serum-30ml,MAKE9 Black Sugar Wash-off Peeling Serum 30ml,MAKE9 Black Sugar,South Korea,,,154,6,yes,,"MAKE9 Black Sugar peeling serum for oily, combination skin — exfoliates with AHA + granules. Authentic South Korean import — buy at Emart Bangladesh, COD."
OK,74788,mamaearth-charcoal-face-wash-100ml,Mamaearth Charcoal Face Wash 100ml,Mamaearth,India,foam_cleanser,foam_cleanser,153,6,yes,,"Mamaearth charcoal face wash for oily, acne-prone skin with neem and tea tree oil. Activated charcoal draws out impurities. Buy at Emart Bangladesh, COD."
OK,74790,mamaearth-vitamin-c-daily-glow-face-wash-100ml,Mamaearth Vitamin C Daily Glow Face Wash 100ml,Mamaearth,India,foam_cleanser,foam_cleanser,157,6,yes,,"Mamaearth Vitamin C face wash with turmeric for hyperpigmentation, dull skin — brightening formula. Authentic India import, buy at Emart Bangladesh with COD."
OK,74802,mamaearth-rice-dewy-face-wash-100ml,Mamaearth Rice Dewy Face Wash 100ml,Mamaearth Rice Dewy,India,foam_cleanser,foam_cleanser,146,6,yes,,"Mamaearth Rice Dewy foam face wash for dull, dry skin with Rice Water for brightening. Hydrating formula – buy at Emart Bangladesh, COD available."
OK,74806,mamaearth-beetroot-hydraful-face-wash-100ml,Mamaearth Beetroot Hydraful Face Wash 100ml,Mamaearth Beetroot Hydraful,India,foam_cleanser,foam_cleanser,154,6,yes,,"Mamaearth hydrating foam cleanser for dry, dehydrated skin with beetroot extract — replenishes moisture. Buy original at Emart Bangladesh — COD available."
OK,74808,mamaearth-multani-mitti-oil-balance-face-wash-100ml,Mamaearth Multani Mitti Oil Balance Face Wash 100ml,Mamaearth Multani Mitti,India,foam_cleanser,foam_cleanser,152,6,yes,,"Mamaearth Multani Mitti face wash for oily, acne-prone skin with natural clay — deep oil control. Authentic India import — buy at Emart Bangladesh, COD."
OK,74812,mamaearth-oil-free-face-wash-100ml,Mamaearth Oil-Free Face Wash 100ml,Mamaearth Oil-Free Face,India,foam_cleanser,foam_cleanser,148,6,yes,,"Mamaearth charcoal foam wash for oily, acne-prone skin with tea tree oil — deep pore cleanse. Original Indian import — buy at Emart Bangladesh, COD."
OK,74814,mamaearth-vitamin-c-foaming-facewash-150ml,Mamaearth Vitamin C Foaming Facewash 150ml,Mamaearth Vitamin C,India,foam_cleanser,foam_cleanser,155,6,yes,,"Mamaearth Vitamin C foaming facewash with Orange Beads for brightening and hyperpigmentation. Vitamin C antioxidant formula — buy at Emart Bangladesh, COD."
OK,74897,muuchstac-ocean-facewash-for-man-100ml,Muuchstac Ocean Facewash For Man 100ml,Muuchstac Ocean Facewash,India,,foam_cleanser,154,6,yes,,"Muuchstac Ocean Facewash for men with Seaweed Extract — purifying foam for oily, combination skin. Authentic Indian import — buy at Emart Bangladesh, COD."
OK,74899,nature-beauty-neem-face-wash-100ml,Nature Beauty Neem Face wash 100ml,Nature Beauty,Bangladesh,foam_cleanser,foam_cleanser,133,6,yes,,"Nature Beauty Neem Face Wash for oily, acne-prone skin with neem and tea tree oil. Made in Bangladesh — buy at Emart Bangladesh, COD."
OK,74905,nature-beauty-milk-face-wash-100ml,Nature Beauty Milk Face wash 100ml,Nature Beauty,Bangladesh,foam_cleanser,foam_cleanser,134,6,yes,,"Nature Beauty Milk Face wash for dry, sensitive skin with Milk Protein — gentle cream cleanser. Buy original at Emart Bangladesh, COD."
OK,74913,nature-beauty-tea-tree-face-wash-100ml,Nature Beauty Tea Tree Face wash 100ml,Nature Beauty,Bangladesh,foam_cleanser,foam_cleanser,137,6,yes,,"Nature Beauty tea tree foam cleanser for oily, acne-prone skin with Tea Tree Oil — controls acne. Made in Bangladesh — buy at Emart, COD."
OK,75060,rajkonna-glow-booster-facial-wash-100ml,Rajkonna Glow Booster Facial Wash 100ml,Rajkonna,Bangladesh,foam_cleanser,foam_cleanser,156,6,yes,,"Rajkonna glow booster foam cleanser for normal, dull skin with Niacinamide and Vitamin C. Buy at Emart Bangladesh with COD delivery — Vitamin C brightening."
OK,75062,rajkonna-acne-fighting-facial-wash-100ml,Rajkonna Acne Fighting Facial Wash 100ml,Rajkonna,Bangladesh,foam_cleanser,foam_cleanser,149,6,yes,,"Rajkonna acne fighting facial wash for oily, acne-prone skin with Salicylic Acid — unclogs pores. Buy original at Emart Bangladesh with COD delivery."
OK,75086,rohto-acnes-foaming-face-wash-160ml,Rohto Acnes Foaming face wash 160ml,Rohto,Japan,foam_cleanser,foam_cleanser,134,6,yes,,"Rohto foaming face wash for oily, acne-prone skin with blemish control — Japan import. Buy original at Emart Bangladesh, COD delivery."
OK,75097,melano-cc-deep-clear-face-wash-130g,Melano CC Deep Clear Face Wash 130g,Melano,Japan,foam_cleanser,foam_cleanser,132,6,yes,,"Melano Vitamin C & Hyaluronic Acid foam cleanser for dull, dry skin — brightening. Buy original at Emart Bangladesh — COD available."
OK,75183,simple-smoothing-gel-cleanser-face-cleanser-230ml,Simple Smoothing Gel Cleanser Face Cleanser 230ml,Simple,UK,gel_cleanser,gel_cleanser,140,6,yes,,"Simple gel cleanser for sensitive, dry skin with Glycerin — gentle moisturising wash. Low pH formula from UK — buy at Emart Bangladesh, COD."
OK,75213,skin-cafe-hydrating-hyaluronic-acid-face-wash-with-seaweed-extract-dry-sensitive-skin-140ml,Skin Cafe Hydrating Hyaluronic Acid Face Wash with Seaweed Extract (Dry & Sensitive Skin) 140ml,skin cafe,Bangladesh,foam_cleanser,foam_cleanser,150,6,yes,,"Skin Cafe hydrating foam cleanser with Hyaluronic Acid for dry, sensitive skin — gentle hydration. Authentic Bangladesh import — buy at Emart BD, COD."
OK,75221,skino-miracle-anti-acne-cleansing-foam-100ml,Skino Miracle Anti Acne Cleansing Foam 100ml,SKINO,South Korea,foam_cleanser,foam_cleanser,135,6,yes,,"SKINO Acne Cleansing Foam with Tea Tree Extract for oily, acne-prone skin. Low pH 5.5 formula — buy at Emart Bangladesh, COD available."
OK,75247,skino-vitamin-c-oil-control-facewash-lemon-110ml,Skino Vitamin C Oil Control Facewash (Lemon) 110ml,SKINO,South Korea,,foam_cleanser,156,6,yes,,"Skino Vitamin C face wash for oily, dull skin with lemon extract — brightening & pore control. Authentic South Korean import — buy at Emart Bangladesh, COD."
OK,75333,t-park-lemon-honey-face-wash-100ml,T-Park Lemon & Honey Face Wash 100ml,T-Park Lemon &,Bangladesh,foam_cleanser,foam_cleanser,137,6,yes,,"T-Park Lemon & Honey face wash for normal to oily skin with lemon extract and honey — brightening. Buy original at Emart Bangladesh, COD."
OK,75369,the-derma-co-2-vitamin-c-gel-daily-face-wash-80ml,The Derma Co 2% Vitamin C Gel Daily Face Wash 80ml,The Derma Co,India,foam_cleanser|gel_cleanser,foam_cleanser|gel_cleanser,143,6,yes,,"The Derma Co 2% Vitamin C gel face wash for dull, pigmented skin — antioxidant brightening. Imported from India — buy at Emart Bangladesh, COD."
OK,75373,the-derma-co-tran-zealic-pigmentation-corrector-face-wash-80ml,The Derma Co Tran Zealic Pigmentation Corrector Face Wash 80ml,The Derma Co,India,foam_cleanser,foam_cleanser,146,6,yes,,The Derma Co pigmentation foam cleanser with Tranexamic acid + Niacinamide for uneven skin tone. Buy original at Emart Bangladesh — COD available.
OK,75383,the-derma-co-3-aha-bha-foaming-face-wash-100ml,The Derma Co 3% AHA BHA Foaming Face Wash 100ml,The Derma Co,India,foam_cleanser,foam_cleanser,150,6,yes,,"The Derma Co AHA BHA foam cleanser for acne-prone combo skin with niacinamide - exfoliates & unclogs. Buy 3% AHA BHA formula at Emart Bangladesh, COD."
OK,75431,the-derma-co-1-kojic-acid-daily-face-wash-100ml,The Derma CO 1% Kojic Acid Daily Face Wash 100ml,The Derma Co,India,foam_cleanser,foam_cleanser,142,6,yes,,The Derma Co foam cleanser for hyperpigmentation with 1% Kojic Acid — brightens uneven tone. Buy original at Emart Bangladesh — COD available.
OK,75437,the-derma-co-1-salicylic-acid-gel-face-wash-100ml,The Derma Co 1% Salicylic Acid Gel Face Wash 100ml,The Derma Co,India,foam_cleanser|gel_cleanser,foam_cleanser|gel_cleanser,144,6,yes,,The Derma Co 1% Salicylic Acid Gel Face Wash unclogs pores and controls acne for oily skin. Alcohol-free formula — price in Bangladesh at Emart.
OK,75469,the-yeon-vita-7-daily-c-foam-cleanser-150ml,The Yeon Vita 7 Daily C Foam Cleanser 150ml,The Yeon,South Korea,foam_cleanser,foam_cleanser,155,6,yes,,"The Yeon foam cleanser with Vitamin C for dull, combination skin — brightening and hydrating. Authentic South Korean import — buy at Emart Bangladesh, COD."
OK,75593,wishcare-2-salicylic-acid-face-wash-100ml,Wishcare 2% Salicylic Acid Face Wash 100ml,Wishcare 2% Salicylic,India,foam_cleanser,foam_cleanser,154,6,yes,,"Wishcare 2% Salicylic acid foam cleanser for oily, acne-prone skin — unclogs pores and fights breakouts. Buy original at Emart Bangladesh — COD available."
OK,92824,cerave-hydrating-facial-cleanser-355ml,CeraVe Hydrating Cleanser Normal To Dry Skin 355ml (USA Version),Cerave,USA,generic_cleanser,cleansing_bar|foam_cleanser,148,6,yes,,"CeraVe hydrating foam cleanser for normal to dry skin with Hyaluronic Acid — barrier-repairing. Authentic USA import — buy at Emart Bangladesh, COD."
OK,92830,simple-moisturising-facial-wash-150ml,Simple Moisturising Facial Wash 150ml,Simple,UK,foam_cleanser,foam_cleanser,156,6,yes,,"Simple moisturising foam cleanser for dry, sensitive skin with Glycerin — hydrates while cleansing. UK-origin gentle formula — buy at Emart Bangladesh, COD."
OK,92844,cerave-foaming-facial-cleanser-for-normal-to-oily-skin-355ml,CeraVe Foaming Facial Cleanser For Normal To Oily Skin 355ml,Cerave,USA,foam_cleanser,foam_cleanser,141,6,yes,,"CeraVe foam cleanser for normal, oily skin with hyaluronic acid and ceramides. Dermatologist-tested US import — buy at Emart Bangladesh, COD."
OK,92856,some-by-mi-propolis-b5-glow-barrier-calming-oil-to-foam-120ml,Some By Mi Propolis B5 Glow Barrier Calming Oil to Foam 120ml,Some By Mi,South Korea,foam_cleanser,foam_cleanser,144,6,yes,,"Some By Mi propolis B5 foam cleanser for sensitive, dry skin — calms and hydrates. Authentic South Korean import — buy at Emart Bangladesh, COD."
OK,92860,skin1004-madagascar-centella-tea-trica-bha-foam-125ml,SKIN1004 Madagascar Centella Tea-Trica Bha Foam 125ml,Skin1004,South Korea,foam_cleanser,foam_cleanser,151,6,yes,,"SKIN1004 Centella foam for sensitive skin with BHA — gently exfoliates without stripping. Authentic South Korean import — buy at Emart Bangladesh, COD."
OK,92904,skin1004-madagascar-centella-ampoule-foam-cleanser-125ml,SKIN1004 Madagascar Centella Ampoule Foam Cleanser 125ml,Skin1004,South Korea,foam_cleanser,foam_cleanser,134,6,yes,,Skin1004 ampoule foam cleanser for sensitive skin with Centella Asiatica — soothes irritation. Buy original at Emart Bangladesh — COD.
OK,92918,maryampmay-white-collagen-cleansing-foam-150ml,Mary&May White Collagen cleansing foam 150ml,Mary &amp; May,South Korea,foam_cleanser,foam_cleanser,155,6,yes,,"Mary&May white collagen face wash for mature, dull skin with hydrolysed collagen — boosts firmness. Authentic South Korean import at Emart Bangladesh, COD."
OK,92958,cerave-foaming-facial-cleanser-237ml,CeraVe Foaming Facial Cleanser 237mL,Cerave,USA,foam_cleanser,foam_cleanser,151,6,yes,,"CeraVe foaming cleanser for oily, acne-prone skin with Ceramides, Hyaluronic Acid — non-stripping. Authentic USA import — buy at Emart Bangladesh, COD."
OK,92986,bioderma-sebium-gel-moussant-purifying-cleansing-foaming-gel-500ml,Bioderma Sebium Gel Moussant Purifying Cleansing Foaming Gel 500ml,Bioderma,France,foam_cleanser,foam_cleanser,133,6,yes,,"Bioderma purifying foam cleanser for oily skin with salicylic acid — unclogs pores. Authentic French import at Emart Bangladesh, COD."
OK,93004,izeze-soul-hca-hydro-6-5-gel-cleanser-150ml,IZEZE Soul HCA Hydro 6.5 Gel Cleanser 150ml,IZEZE,South Korea,gel_cleanser,gel_cleanser,142,6,yes,,"IZEZE gentle gel cleanser with Hydro 6.5 — exfoliates and soothes sensitive skin. Authentic South Korean import, buy at Emart Bangladesh, COD."
OK,93034,mixsoon-bean-cleansing-oil-195ml,MIXSOON Bean Cleansing Oil 195ml,Mixsoon,South Korea,oil_cleanser,oil_cleanser,154,6,yes,,"Mixsoon bean cleansing oil with camellia oil for dry, normal skin — hydrating first cleanse. Authentic South Korean import — buy at Emart Bangladesh, COD."
